,City,Lat,Lng,Max Temp,Humidity,Cloudiness,Wind Speed,Country,Date
0,barrow,71.2906,-156.7887,2.01,93,100,6.69,US,1658877943
1,talaya,61.3833,152.75,12.11,84,100,2.4,RU,1658877944
2,coquimbo,-29.9533,-71.3436,12.85,94,20,2.57,CL,1658877672
3,cape town,-33.9258,18.4232,12.29,91,40,1.03,ZA,1658877741
4,edson,53.5835,-116.4356,26.08,34,40,2.06,CA,1658877944
5,ilulissat,69.2167,-51.1,7.01,93,100,3.09,GL,1658877945
6,mayo,38.8876,-76.5119,26.23,83,100,2.06,US,1658877945
7,katsuura,35.1333,140.3,27.44,85,77,6.56,JP,1658877945
8,rocha,-34.4833,-54.3333,16.21,96,98,2.16,UY,1658877946
9,constitucion,-35.3333,-72.4167,11.16,93,94,2.85,CL,1658877946
10,peterhead,57.5058,-1.7981,12.5,85,16,2.93,GB,1658877947
11,cabo san lucas,22.8909,-109.9124,34.78,54,20,6.69,MX,1658877930
12,saskylakh,71.9167,114.0833,22.08,67,42,4.02,RU,1658877947
13,rikitea,-23.1203,-134.9692,24.05,72,60,4.98,PF,1658877947
14,nome,64.5011,-165.4064,8.42,76,100,8.23,US,1658877948
15,jamestown,42.097,-79.2353,23.92,54,0,4.12,US,1658877948
16,qaanaaq,77.484,-69.3632,6.24,67,17,1.88,GL,1658877894
17,saint-philippe,-21.3585,55.7679,18.77,84,30,4.79,RE,1658877948
18,innisfail,-17.5333,146.0333,21.21,80,64,3.53,AU,1658877949
19,bethel,41.3712,-73.414,27.05,53,0,3.09,US,1658877754
20,vaini,-21.2,-175.2,22.99,73,100,5.79,TO,1658877949
21,altamira,-3.2033,-52.2064,25.84,65,98,1.56,BR,1658877950
22,dingle,10.9995,122.6711,26.42,89,68,2.24,PH,1658877950
23,karpathos,35.507,27.2132,23.98,83,0,11.83,GR,1658877950
24,bluff,-46.6,168.3333,7.11,90,100,9.5,NZ,1658877950
25,lethem,3.3803,-59.7968,25.39,86,90,2.35,GY,1658877951
26,tonj,7.2737,28.6822,21.14,96,99,2.98,SS,1658877951
27,gerardmer,48.0735,6.8779,16.91,73,78,0.73,FR,1658877951
28,alim,9.5649,122.4876,27.9,79,74,1.54,PH,1658877952
29,sovetskiy,61.3614,63.5842,10.41,68,39,2.1,RU,1658877952
30,shimoda,34.6667,138.95,30.06,86,78,3.33,JP,1658877952
31,magadan,59.5667,150.8,20.85,84,100,2.25,RU,1658877953
32,kirkland lake,48.1446,-80.0377,24.16,43,73,1.57,CA,1658877953
33,severo-kurilsk,50.6789,156.125,12.78,81,96,2.53,RU,1658877953
34,aykhal,66.0,111.5,22.5,67,58,4.35,RU,1658877954
35,vardo,70.3705,31.1107,13.99,94,75,4.63,NO,1658877954
36,upernavik,72.7868,-56.1549,3.23,90,83,4.69,GL,1658877954
37,punta arenas,-53.15,-70.9167,-0.94,86,0,4.12,CL,1658877955
38,mount gambier,-37.8333,140.7667,10.52,91,85,3.31,AU,1658877955
39,quetta,30.199,67.0097,23.05,72,15,1.74,PK,1658877955
40,hermanus,-34.4187,19.2345,13.14,87,73,1.56,ZA,1658877956
41,mahebourg,-20.4081,57.7,20.16,88,75,6.69,MU,1658877956
42,dunedin,-45.8742,170.5036,8.14,97,100,4.39,NZ,1658877956
43,mataura,-46.1927,168.8643,6.93,96,100,2.96,NZ,1658877669
44,atambua,-9.1061,124.8925,20.1,82,100,2.27,ID,1658877957
45,kapaa,22.0752,-159.319,29.18,70,75,7.72,US,1658877957
46,cuajinicuilapa,16.4667,-98.4167,28.77,71,92,2.55,MX,1658877957
47,baruun-urt,46.6806,113.2792,16.3,71,16,1.71,MN,1658877958
48,antofagasta,-23.65,-70.4,13.6,84,41,2.53,CL,1658877245
49,portland,45.5234,-122.6762,39.78,28,0,3.09,US,1658877916
50,atuona,-9.8,-139.0333,25.11,75,10,7.41,PF,1658877958
51,banposh,22.25,84.8,25.17,91,100,1.96,IN,1658877959
52,hilo,19.7297,-155.09,30.71,93,100,2.06,US,1658877959
53,ushuaia,-54.8,-68.3,-0.19,69,0,2.57,AR,1658877959
54,lebu,-37.6167,-73.65,10.86,84,2,6.69,CL,1658877960
55,mahajanga,-15.7167,46.3167,20.01,94,0,3.09,MG,1658877960
56,salalah,17.0151,54.0924,24.05,100,75,4.12,OM,1658877960
57,busselton,-33.65,115.3333,8.97,85,22,3.14,AU,1658877669
58,esperance,-33.8667,121.9,11.91,80,100,2.81,AU,1658877961
59,bosobolo,4.1833,19.9,21.86,98,100,1.21,CD,1658877961
60,rio grande,-32.035,-52.0986,16.06,97,54,4.42,BR,1658877961
61,port elizabeth,-33.918,25.5701,17.95,61,0,4.12,ZA,1658877962
62,srednekolymsk,67.45,153.6833,10.07,53,95,6.71,RU,1658877962
63,kahului,20.8947,-156.47,31.01,61,20,10.8,US,1658877675
64,sulangan,11.1373,123.7228,28.87,73,88,2.99,PH,1658877962
65,khatanga,71.9667,102.5,22.08,50,81,3.8,RU,1658877963
66,nanortalik,60.1432,-45.2371,6.65,92,74,0.96,GL,1658877963
67,sorong,-0.8833,131.25,25.14,89,69,3.43,ID,1658877963
68,potrerillos,15.2333,-87.9667,28.15,86,92,1.59,HN,1658877964
69,hervey bay,-25.2986,152.8535,12.86,54,0,5.95,AU,1658877964
70,suntar,62.1444,117.6319,25.68,65,1,2.13,RU,1658877964
71,labuhan,-6.8844,112.2051,23.4,85,69,3.24,ID,1658877964
72,chuy,-33.6971,-53.4616,14.54,97,95,2.68,UY,1658877965
73,sitka,57.0531,-135.33,16.94,77,100,2.57,US,1658877801
74,zhigansk,66.7697,123.3711,21.57,57,27,1.23,RU,1658877965
75,visby,57.6409,18.296,16.14,63,100,8.75,SE,1658877966
76,indiaroba,-11.5192,-37.5117,21.47,86,75,2.96,BR,1658877966
77,georgetown,5.4112,100.3354,27.72,93,20,1.03,MY,1658877694
78,sungaipenuh,-2.0833,101.3833,17.26,92,91,0.6,ID,1658877966
79,mar del plata,-38.0023,-57.5575,12.83,98,100,1.54,AR,1658877701
80,new norfolk,-42.7826,147.0587,10.4,75,74,0.89,AU,1658877967
81,corinto,37.9407,22.9573,26.05,50,0,1.67,GR,1658877967
82,kodiak,57.79,-152.4072,12.73,62,0,3.6,US,1658877967
83,waitati,-45.75,170.5667,7.99,98,100,2.43,NZ,1658877968
84,tiruchchendur,8.4833,78.1167,25.92,83,44,2.94,IN,1658877968
85,saint george,37.1041,-113.5841,35.7,33,0,2.57,US,1658877797
86,yellowknife,62.456,-114.3525,21.29,52,20,4.12,CA,1658877969
87,luderitz,-26.6481,15.1594,12.68,81,36,2.17,NA,1658877969
88,cherskiy,68.75,161.3,10.09,49,4,4.52,RU,1658877969
89,kitgum,3.2783,32.8867,18.93,94,84,1.3,UG,1658877970
90,qeshm,26.9581,56.2719,27.94,90,100,5.69,IR,1658877970
91,severodvinsk,64.5635,39.8302,16.06,81,28,4.34,RU,1658877970
92,te anau,-45.4167,167.7167,6.05,97,100,1.37,NZ,1658877970
93,hobart,-42.8794,147.3294,10.59,87,20,3.09,AU,1658877971
94,alta floresta,-9.8756,-56.0861,26.74,33,12,1.43,BR,1658877971
95,pangnirtung,66.1451,-65.7125,10.52,68,64,1.63,CA,1658877972
96,bengkulu,-3.8004,102.2655,24.08,86,100,1.1,ID,1658877972
97,tiksi,71.6872,128.8694,11.94,76,67,1.17,RU,1658877972
98,west wendover,40.7391,-114.0733,36.56,8,0,3.09,US,1658877973
99,san patricio,28.017,-97.5169,35.1,44,61,7.83,US,1658877973
100,berestechko,50.3605,25.1107,18.33,95,100,4.69,UA,1658877973
101,chernyshevskiy,63.0128,112.4714,22.84,75,3,1.65,RU,1658877974
102,nizhniy baskunchak,48.2198,46.8311,23.1,52,5,2.47,RU,1658877974
103,katima mulilo,-17.5,24.2667,13.51,47,1,2.47,NA,1658877974
104,ribeira grande,38.5167,-28.7,23.71,84,32,2.56,PT,1658877975
105,bredasdorp,-34.5322,20.0403,10.37,94,80,2.62,ZA,1658877975
106,albany,42.6001,-73.9662,25.23,54,78,0.45,US,1658877940
107,karratha,-20.7377,116.8463,19.09,31,5,4.8,AU,1658877975
108,kenai,60.5544,-151.2583,17.79,60,0,7.72,US,1658877976
109,marau,-28.4492,-52.2,15.66,89,28,1.45,BR,1658877976
110,necochea,-38.5473,-58.7368,10.8,98,100,3.14,AR,1658877976
111,grand gaube,-20.0064,57.6608,20.22,79,8,1.34,MU,1658877977
112,beboto,8.2668,16.939,21.9,94,90,1.24,TD,1658877977
113,yichang,30.7144,111.2847,26.59,89,93,0.81,CN,1658877977
114,kyzyl-suu,42.3414,78.0056,18.63,44,5,1.37,KG,1658877977
115,ancud,-41.8697,-73.8203,9.57,93,94,4.27,CL,1658877978
116,itoman,26.1247,127.6694,29.01,79,40,1.54,JP,1658877978
117,vostok,46.4856,135.8833,22.0,78,0,0.97,RU,1658877978
118,chiredzi,-21.05,31.6667,14.47,65,0,1.1,ZW,1658877979
119,iquique,-20.2208,-70.1431,15.02,81,75,3.46,CL,1658877731
120,dikson,73.5069,80.5464,6.07,97,100,11.24,RU,1658877979
121,coihaique,-45.5752,-72.0662,0.34,86,100,0.0,CL,1658877980
122,crotone,39.0851,17.1178,28.44,62,0,2.5,IT,1658877980
123,bambous virieux,-20.3428,57.7575,20.14,88,75,6.69,MU,1658877980
124,puerto ayora,-0.7393,-90.3518,21.42,90,100,2.24,EC,1658877981
125,bandarbeyla,9.4942,50.8122,24.82,75,43,13.37,SO,1658877981
126,yumen,40.2833,97.2,23.38,17,6,4.42,CN,1658877981
127,terebovlya,49.3019,25.71,18.48,79,90,5.94,UA,1658877982
128,karasjok,69.4719,25.5112,14.65,99,100,2.26,NO,1658877982
129,kendari,-3.945,122.4989,23.58,93,78,1.34,ID,1658877982
130,mogotes,6.4756,-72.9705,17.04,95,99,0.71,CO,1658877983
131,perleberg,53.0667,11.8667,13.81,74,53,2.97,DE,1658877983
132,oktyabrskoye,43.0645,44.7417,16.08,93,66,3.0,RU,1658877983
133,san ramon,37.7799,-121.978,33.07,45,0,8.23,US,1658877963
134,havoysund,70.9963,24.6622,12.13,93,100,3.55,NO,1658877984
135,isangel,-19.55,169.2667,24.21,83,98,5.21,VU,1658877984
136,jiaonan,35.8786,119.9753,24.9,90,40,2.08,CN,1658877984
137,montevideo,-34.8335,-56.1674,19.84,88,75,2.06,UY,1658877896
138,luau,-10.7073,22.2247,15.59,38,5,1.95,AO,1658877985
139,gazli,40.1333,63.45,29.76,31,68,7.97,UZ,1658877985
140,tasiilaq,65.6145,-37.6368,5.09,93,100,1.4,GL,1658877985
141,paita,-5.0892,-81.1144,18.61,82,98,8.3,PE,1658877986
142,kruisfontein,-34.0033,24.7314,13.27,62,34,4.32,ZA,1658877986
143,opuwo,-18.0607,13.84,16.04,31,33,2.47,NA,1658877986
144,hithadhoo,-0.6,73.0833,25.44,87,100,6.49,MV,1658877987
145,golden,39.7555,-105.2211,29.64,50,75,3.09,US,1658877987
146,kupang,-10.1667,123.5833,22.96,76,85,5.04,ID,1658877987
147,marawi,7.9986,124.2928,22.38,88,95,1.0,PH,1658877987
148,datong,40.0936,113.2914,19.09,81,85,1.52,CN,1658877988
149,mazatlan,23.2167,-106.4167,32.79,78,20,5.14,MX,1658877910
150,anadyr,64.75,177.4833,10.28,87,40,9.0,RU,1658877827
151,port blair,11.6667,92.75,26.02,89,40,0.51,IN,1658877988
152,avarua,-21.2078,-159.775,24.03,60,20,8.75,CK,1658877988
153,talnakh,69.4865,88.3972,13.45,65,46,2.46,RU,1658877989
154,sao gabriel da cachoeira,-0.1303,-67.0892,23.39,97,49,0.9,BR,1658877989
155,morant bay,17.8815,-76.4093,25.79,82,100,4.96,JM,1658877989
156,khandyga,62.6667,135.6,22.35,56,10,1.48,RU,1658877990
157,provideniya,64.3833,-173.3,10.2,71,0,6.0,RU,1658877889
158,alampur,15.8833,78.15,23.61,90,91,1.65,IN,1658877990
159,scarborough,54.2797,-0.4044,12.76,85,88,1.51,GB,1658877990
160,saint-augustin,51.226,-58.6502,18.01,70,75,10.34,CA,1658877991
161,great yarmouth,52.6083,1.7305,14.45,70,87,2.71,GB,1658877991
162,nioro,13.35,-15.75,25.4,89,78,2.21,GM,1658877991
163,lavrentiya,65.5833,-171.0,4.65,85,100,7.19,RU,1658877751
164,tabou,4.423,-7.3528,24.07,80,99,5.66,CI,1658877992
165,korla,41.7597,86.1469,26.97,21,3,1.54,CN,1658877752
166,castro,-24.7911,-50.0119,14.78,74,0,1.42,BR,1658877746
167,aklavik,68.2191,-135.0107,19.37,33,100,9.76,CA,1658877992
168,pacific grove,36.6177,-121.9166,22.89,73,0,7.2,US,1658877993
169,piacabucu,-10.4056,-36.4344,23.62,77,97,5.74,BR,1658877993
170,geraldton,-28.7667,114.6,7.23,81,0,4.63,AU,1658877977
171,north platte,41.1239,-100.7654,27.94,67,75,2.06,US,1658877993
172,paamiut,61.994,-49.6678,5.74,91,8,8.79,GL,1658877994
173,poum,-20.2333,164.0167,23.3,70,1,2.98,NC,1658877994
174,torbay,47.6666,-52.7314,21.53,88,75,7.2,CA,1658877994
175,omboue,-1.5746,9.2618,22.15,86,67,3.53,GA,1658877995
176,brae,60.3964,-1.353,9.93,85,14,3.43,GB,1658877995
177,beringovskiy,63.05,179.3167,8.43,93,100,3.95,RU,1658877995
178,santa rosa,14.3122,121.1114,27.79,83,92,0.93,PH,1658877996
179,galbshtadt,53.2264,78.9845,18.89,52,79,2.77,RU,1658877996
180,kismayo,-0.3582,42.5454,23.91,77,17,8.21,SO,1658877996
181,khandbari,27.3747,87.2039,21.86,96,100,0.75,NP,1658877997
182,chokurdakh,70.6333,147.9167,11.92,47,70,5.43,RU,1658877997
183,norman wells,65.282,-126.8329,15.02,88,100,11.83,CA,1658877997
184,umm kaddadah,13.6017,26.6876,31.64,40,100,7.33,SD,1658877998
185,tuatapere,-46.1333,167.6833,7.27,95,100,2.99,NZ,1658877998
186,clyde river,70.4692,-68.5914,4.13,100,100,3.6,CA,1658877998
187,arraial do cabo,-22.9661,-42.0278,20.98,88,40,3.09,BR,1658877998
188,linhares,-19.3911,-40.0722,19.36,89,17,1.62,BR,1658877999
189,dori,14.0354,-0.0345,31.16,52,88,8.32,BF,1658877999
190,waingapu,-9.6567,120.2641,22.38,78,86,3.11,ID,1658877999
191,manokwari,-0.8667,134.0833,27.27,69,57,1.35,ID,1658878000
192,manta,-0.95,-80.7333,23.88,73,40,6.69,EC,1658878000
193,tilichiki,60.4667,166.1,14.14,62,100,1.36,RU,1658878000
194,oparino,59.8518,48.2783,11.83,77,100,2.1,RU,1658878001
195,nyurba,63.2842,118.3319,24.2,71,5,2.5,RU,1658878001
196,clarence town,-32.5833,151.7833,12.56,66,2,5.97,AU,1658878001
197,ucluelet,48.9329,-125.5528,25.17,66,2,1.1,CA,1658878002
198,varnavino,57.4035,45.0916,15.5,94,28,1.81,RU,1658878002
199,pevek,69.7008,170.3133,1.47,85,83,4.01,RU,1658878002
200,ponta do sol,32.6667,-17.1,24.51,61,3,2.36,PT,1658878003
201,joshimath,30.5667,79.5667,21.44,95,100,0.63,IN,1658878003
202,jiangyou,31.7667,104.7167,25.04,88,28,2.29,CN,1658878003
203,carnarvon,-24.8667,113.6333,16.48,43,13,3.61,AU,1658877898
204,sangueya,10.7,-14.3667,23.4,92,94,1.16,GN,1658878004
205,iqaluit,63.7506,-68.5145,8.85,66,20,4.12,CA,1658878004
206,butaritari,3.0707,172.7902,27.85,74,11,8.49,KI,1658878004
207,kangaatsiaq,68.3065,-53.4641,4.76,94,100,2.93,GL,1658878005
208,codrington,-38.2667,141.9667,10.84,94,85,4.41,AU,1658878005
209,belyy yar,53.6039,91.3903,11.03,100,40,1.0,RU,1658878005
210,novaya igirma,57.1334,103.9112,12.59,94,34,2.21,RU,1658878006
211,wanaka,-44.7,169.15,6.17,95,100,0.45,NZ,1658878006
212,palmer,42.1584,-72.3287,25.78,57,40,2.57,US,1658878006
213,loandjili,-4.7561,11.8578,20.6,90,12,2.67,CG,1658878007
214,westport,41.1415,-73.3579,27.16,62,0,4.12,US,1658877972
215,ulladulla,-35.35,150.4667,11.29,58,18,3.72,AU,1658877824
216,faanui,-16.4833,-151.75,25.29,75,55,4.37,PF,1658878007
217,galle,6.0367,80.217,25.52,88,93,3.16,LK,1658878008
218,nikolskoye,59.7035,30.7861,20.49,87,95,2.41,RU,1658878008
219,lagoa,39.05,-27.9833,22.94,89,35,5.13,PT,1658878009
220,sioux lookout,50.1001,-91.917,21.04,60,75,4.12,CA,1658878009
221,la plata,-34.9215,-57.9545,19.46,97,97,3.3,AR,1658877823
222,iisalmi,63.5592,27.1907,16.23,96,99,4.04,FI,1658878010
223,koungou,-12.7336,45.2042,20.84,83,0,1.03,YT,1658878010
224,williams lake,52.1415,-122.1445,32.81,33,20,1.03,CA,1658878010
225,lompoc,34.6391,-120.4579,30.01,70,0,7.2,US,1658877882
226,raudeberg,61.9875,5.1352,9.37,79,99,7.2,NO,1658878011
227,tessalit,20.1986,1.0114,36.07,9,17,2.16,ML,1658878011
228,usinsk,65.9939,57.5281,8.45,84,34,3.41,RU,1658878012
229,buala,-8.145,159.5921,28.46,73,94,2.82,SB,1658878012
230,saint-francois,46.4154,3.9054,17.69,68,0,1.54,FR,1658878012
231,turukhansk,65.8167,87.9833,14.0,82,0,1.38,RU,1658878013
232,la rioja,42.25,-2.5,13.88,93,0,2.19,ES,1658877915
233,susehri,40.1644,38.0867,12.81,81,3,1.25,TR,1658878013
234,chabahar,25.2919,60.643,27.75,85,95,8.29,IR,1658878014
235,amazar,53.858,120.875,21.24,81,100,2.79,RU,1658878014
236,kavaratti,10.5669,72.642,27.41,77,100,7.16,IN,1658878014
237,kaitangata,-46.2817,169.8464,7.66,96,100,5.46,NZ,1658878015
238,port pirie,-33.1833,138.0167,10.03,74,79,2.95,AU,1658878015
239,vanimo,-2.6741,141.3028,27.44,77,85,2.23,PG,1658878015
240,manbij,36.5281,37.9549,26.92,36,0,5.94,SY,1658878016
241,yarmouth,41.7057,-70.2286,26.26,65,0,3.6,US,1658878016
242,carutapera,-1.195,-46.02,25.28,84,98,3.42,BR,1658878016
243,sarakhs,36.5449,61.1577,28.52,41,0,3.82,IR,1658878017
244,bousse,12.6606,-1.8922,27.41,69,90,4.9,BF,1658878017
245,kudahuvadhoo,2.6708,72.8944,27.48,77,48,7.37,MV,1658878017
246,leningradskiy,69.3833,178.4167,1.53,95,100,2.93,RU,1658878018
247,genhe,50.7833,121.5167,19.74,95,100,1.55,CN,1658878018
248,bac giang,21.2667,106.2,27.04,89,1,1.63,VN,1658878018
249,cabra,37.4725,-4.4421,26.17,29,0,2.02,ES,1658878019
250,lorengau,-2.0226,147.2712,28.81,73,83,4.7,PG,1658877902
251,pervomayskoye,43.919,46.7102,21.79,75,45,3.19,RU,1658878019
252,kaka,37.3482,59.6143,28.52,42,6,1.23,TM,1658878019
253,akyab,20.15,92.9,26.95,82,20,2.65,MM,1658878020
254,abu dhabi,24.4667,54.3667,33.06,57,100,3.09,AE,1658877728
255,biritiba-mirim,-23.5698,-46.0407,16.88,98,11,0.92,BR,1658878020
256,dawson creek,55.7666,-120.2362,28.8,32,20,4.63,CA,1658878020
257,hasaki,35.7333,140.8333,30.22,85,77,7.55,JP,1658878021
258,tecolutilla,18.2833,-93.3167,29.6,65,58,6.22,MX,1658878021
259,leh,34.1667,77.5833,13.38,81,99,1.7,IN,1658878021
260,husavik,66.0449,-17.3389,11.42,80,99,2.53,IS,1658878022
261,sola,-13.8833,167.55,26.86,78,27,6.0,VU,1658878022
262,victoria,22.2855,114.1577,30.54,78,0,2.68,HK,1658878022
263,weihe,32.9952,105.3247,19.48,98,92,2.71,CN,1658878023
264,los llanos de aridane,28.6585,-17.9182,24.86,44,0,5.66,ES,1658878023
265,xuanhua,40.6103,115.0447,21.78,81,77,2.31,CN,1658878023
266,rondonopolis,-16.4708,-54.6356,26.46,29,1,1.24,BR,1658878023
267,ahipara,-35.1667,173.1667,14.48,74,96,5.92,NZ,1658877964
268,port alfred,-33.5906,26.891,18.19,45,14,3.36,ZA,1658878024
269,bikin,46.8161,134.26,24.41,76,12,0.64,RU,1658878024
270,troitsko-pechorsk,62.7084,56.1964,8.6,79,48,0.98,RU,1658878024
271,laurel,39.0993,-76.8483,25.8,82,100,0.0,US,1658877989
272,youghal,51.95,-7.8506,13.64,80,82,2.58,IE,1658878025
273,buckeye,33.3703,-112.5838,36.34,36,81,3.09,US,1658877731
274,longyearbyen,78.2186,15.6401,7.91,87,75,1.54,SJ,1658878025
275,san pedro,14.35,121.0167,27.37,88,20,1.03,PH,1658878026
276,adrar,20.5022,-10.0711,37.97,16,56,3.36,MR,1658878026
277,fairbanks,64.8378,-147.7164,14.49,67,75,7.2,US,1658877824
278,lingao,19.9103,109.6859,26.66,84,0,1.23,CN,1658878026
279,santa fe,-31.6333,-60.7,25.57,60,91,3.08,AR,1658877739
280,monze,-16.2833,27.4833,12.97,56,0,2.22,ZM,1658878027
281,lata,40.1629,-8.3327,13.04,96,0,1.09,PT,1658878027
282,mount darwin,-16.7725,31.5838,12.37,95,23,1.43,ZW,1658878027
283,mfou,3.7159,11.6427,19.66,98,99,2.22,CM,1658878028
284,nagykata,47.4151,19.7441,21.83,90,67,3.58,HU,1658878028
285,vitim,59.4511,112.5578,17.13,87,84,2.95,RU,1658878028
286,bedzin,50.3261,19.1257,15.79,96,37,1.03,PL,1658878029
287,casablanca,33.5928,-7.6192,25.74,69,10,2.68,MA,1658877994
288,waipawa,-41.4122,175.5153,9.08,94,100,3.63,NZ,1658878029
289,moryakovskiy zaton,56.6956,84.6467,13.39,95,8,1.84,RU,1658878029
290,san carlos de bariloche,-41.1456,-71.3082,3.47,93,75,2.06,AR,1658878030
291,oksfjord,70.2396,22.3479,16.04,99,100,0.76,NO,1658878030
292,correntina,-13.3433,-44.6367,21.06,42,0,1.77,BR,1658878030
293,camapua,-19.5314,-54.0439,24.76,31,0,2.06,BR,1658878031
294,terrace,54.5163,-128.6035,31.95,35,20,3.09,CA,1658878031
295,birjand,32.8663,59.2211,27.26,22,71,2.06,IR,1658878031
296,noyabrsk,63.1994,75.4507,12.05,76,67,6.11,RU,1658878032
297,phan thiet,10.9333,108.1,24.62,86,81,1.23,VN,1658878032
298,nampula,-15.1165,39.2666,17.97,94,75,3.6,MZ,1658878032
299,disna,55.568,28.1971,16.9,85,100,2.57,BY,1658878033
300,aswan,24.0934,32.907,32.61,11,0,4.12,EG,1658878033
301,traverse city,44.7631,-85.6206,27.04,43,40,4.63,US,1658877805
302,fortuna,40.5982,-124.1573,20.05,72,35,1.79,US,1658877798
303,barranca de upia,4.5696,-72.9668,24.23,89,21,0.99,CO,1658878033
304,margate,51.3813,1.3862,16.5,72,100,0.45,GB,1658878034
305,hamilton,39.1834,-84.5333,26.35,80,75,0.0,US,1658877529
306,acucena,-19.0731,-42.5464,14.29,67,0,1.47,BR,1658878034
307,naron,43.5167,-8.1528,19.22,85,32,0.89,ES,1658878034
308,lubao,14.9167,120.55,28.84,83,97,0.9,PH,1658878035
309,biankouma,7.7391,-7.6138,20.34,97,88,1.05,CI,1658878035
310,huarmey,-10.0681,-78.1522,17.86,81,63,4.87,PE,1658878035
311,wabrzezno,53.2799,18.9477,16.68,85,48,2.79,PL,1658878036
312,samana,19.2056,-69.3369,26.98,79,16,3.74,DO,1658878036
313,gunjur,13.2019,-16.7339,26.04,94,40,1.03,GM,1658878036
314,champasak,14.75,106.0,22.49,99,100,0.72,LA,1658878037
315,cobija,-11.0267,-68.7692,27.36,52,87,1.34,BO,1658878037
316,pringsewu,-5.3582,104.9744,22.24,97,92,0.77,ID,1658878037
317,kavieng,-2.5744,150.7967,29.01,67,89,5.69,PG,1658877966
318,marystown,47.1666,-55.1483,18.81,100,100,0.89,CA,1658878038
319,chulman,56.8479,124.9104,22.68,63,0,1.51,RU,1658878038
320,snezhnogorsk,69.1933,33.2531,15.88,97,100,4.98,RU,1658878038
321,mikhaylovsk,45.1283,42.0256,17.12,100,75,0.89,RU,1658878039
322,east london,-33.0153,27.9116,17.79,45,25,2.49,ZA,1658877969
323,qui nhon,13.7667,109.2333,25.75,84,77,1.59,VN,1658878039
324,chilliwack,49.1747,-121.9443,38.53,33,0,1.79,CA,1658877944
325,auki,-8.7676,160.7034,29.18,63,41,1.08,SB,1658877749
326,cartagena,10.3997,-75.5144,28.79,74,40,3.09,CO,1658877653
327,comodoro rivadavia,-45.8667,-67.5,2.92,87,100,2.06,AR,1658878039
328,killybegs,54.6333,-8.45,11.91,79,23,1.04,IE,1658878040
329,dali,25.7,100.1833,16.32,94,100,1.99,CN,1658878040
330,mjolby,58.326,15.1237,12.84,78,78,5.75,SE,1658878040
331,tefe,-3.3542,-64.7114,27.06,89,40,1.54,BR,1658878041
332,saint-joseph,-21.3667,55.6167,18.21,79,17,3.96,RE,1658878041
333,severnyy,50.677,36.5532,16.02,100,25,2.0,RU,1658878041
334,yiyang,28.5892,112.3283,27.79,69,36,1.65,CN,1658878042
335,richards bay,-28.783,32.0377,13.19,84,0,3.27,ZA,1658878042
336,rock sound,24.9,-76.2,28.26,79,96,7.21,BS,1658878042
337,saldanha,-33.0117,17.9442,12.03,89,9,3.44,ZA,1658878043
338,college,64.8569,-147.8028,14.48,68,100,7.2,US,1658878043
339,stornoway,58.2093,-6.3865,11.98,88,28,1.03,GB,1658878043
340,namibe,-15.1961,12.1522,17.44,80,84,2.12,AO,1658878044
341,spencer,43.1414,-95.1444,27.06,68,100,3.6,US,1658877837
342,shingu,33.7333,135.9833,27.04,88,100,0.8,JP,1658878044
343,shagonar,51.5333,92.8,12.64,83,97,0.52,RU,1658878044
344,brainerd,46.358,-94.2008,22.16,88,100,3.6,US,1658877955
345,enshi,30.3,109.4833,24.42,96,100,0.25,CN,1658878045
346,belaya gora,68.5333,146.4167,12.36,46,93,5.31,RU,1658878045
347,taoudenni,22.6783,-3.9836,38.42,10,40,6.44,ML,1658878045
348,halmeu,47.9667,23.0167,22.58,79,82,1.8,RO,1658878046
349,gursarai,25.6148,79.1788,27.84,77,47,3.12,IN,1658878046
350,tezu,27.9167,96.1667,23.04,93,81,1.15,IN,1658878046
351,atar,20.5169,-13.0499,30.32,55,70,5.81,MR,1658878047
352,sumbawanga,-7.9667,31.6167,12.06,69,32,1.51,TZ,1658878047
353,riyadh,24.6877,46.7219,33.08,14,98,2.98,SA,1658877764
354,masvingo,-20.0637,30.8277,11.62,72,0,2.08,ZW,1658878047
355,khvastovichi,53.4694,35.0941,16.92,94,45,1.38,RU,1658878048
356,neyyattinkara,8.4,77.0833,26.92,88,24,3.39,IN,1658878048
357,dzan,20.3833,-89.4667,28.47,70,79,2.04,MX,1658878048
358,kang,-23.6752,22.7876,15.17,41,13,3.74,BW,1658878049
359,raga,8.4596,25.678,20.42,96,100,2.49,SS,1658878049
360,talakan,50.3167,130.3667,24.85,71,0,1.54,RU,1658878049
361,tura,25.5198,90.2201,22.15,91,59,1.27,IN,1658878049
362,elliot lake,46.3834,-82.6331,21.1,56,45,4.16,CA,1658878050
363,coari,-4.085,-63.1414,27.32,59,52,0.46,BR,1658878050
364,godda,24.8333,87.2167,26.07,85,76,3.21,IN,1658878050
365,mezhdurechenskiy,59.6,65.9333,11.09,69,79,2.41,RU,1658878051
366,ciamis,-7.3257,108.3534,21.0,92,98,0.42,ID,1658878051
367,cayenne,4.9333,-52.3333,25.05,1,0,0.0,GF,1658877937
368,nouadhibou,20.931,-17.0347,25.99,89,0,3.6,MR,1658878052
369,grande prairie,55.1667,-118.8027,28.1,39,75,3.6,CA,1658878052
370,harbin,45.75,126.65,24.97,76,14,3.21,CN,1658877964
371,plettenberg bay,-34.0527,23.3716,14.17,61,78,4.67,ZA,1658878052
372,atemar,54.181,45.4091,17.28,92,9,2.03,RU,1658878052
373,thompson,55.7435,-97.8558,16.09,94,75,1.54,CA,1658878038
374,minab,27.1467,57.0801,28.56,82,100,0.92,IR,1658878053
375,pitimbu,-7.4706,-34.8086,23.33,84,93,5.53,BR,1658878053
376,tabas,33.5959,56.9244,33.7,25,24,2.54,IR,1658878054
377,chapais,49.7834,-74.8492,14.88,79,96,3.97,CA,1658878054
378,ocos,14.5094,-92.1933,27.1,73,67,2.18,GT,1658878054
379,tadotsu,34.275,133.75,31.1,86,6,1.83,JP,1658878054
380,pipraich,26.8264,83.53,28.74,71,100,4.2,IN,1658878055
381,banda aceh,5.5577,95.3222,25.35,82,100,4.02,ID,1658877809
382,porto novo,6.4965,2.6036,24.49,87,93,4.52,BJ,1658878023
383,padang,-0.9492,100.3543,23.03,84,93,1.36,ID,1658878055
384,sarangani,5.4033,125.4636,28.28,70,96,1.17,PH,1658878056
385,mapiripan,2.8892,-72.1256,24.34,89,42,1.75,CO,1658878056
386,price,39.5994,-110.8107,34.59,14,0,5.66,US,1658878056
387,am timan,11.0297,20.2827,21.97,91,100,3.1,TD,1658878057
388,merauke,-8.4667,140.3333,24.5,84,100,7.0,ID,1658878057
389,presidencia roque saenz pena,-26.7852,-60.4388,26.44,40,4,3.15,AR,1658878057
390,ostrovnoy,68.0531,39.5131,15.26,75,100,7.93,RU,1658878058
391,sheltozero,61.3667,35.3667,17.96,85,94,2.92,RU,1658878058
392,iralaya,15.0,-83.2333,27.0,83,100,3.44,HN,1658878058
393,strezhevoy,60.7333,77.5889,15.86,96,100,2.83,RU,1658878059
394,neuquen,-38.9516,-68.0591,7.94,100,100,0.0,AR,1658878059
395,walvis bay,-22.9575,14.5053,10.05,87,0,1.54,NA,1658878059
396,inhambane,-23.865,35.3833,17.16,75,0,1.64,MZ,1658878060
397,acapulco,16.8634,-99.8901,30.9,66,75,2.06,MX,1658877958
398,flinders,-34.5833,150.8552,13.54,60,5,4.92,AU,1658878060
399,lashio,22.9333,97.75,19.13,99,69,0.39,MM,1658878060
400,magistralnyy,56.1725,107.4458,13.48,85,73,1.4,RU,1658878061
401,havelock,34.8791,-76.9013,29.99,87,100,2.68,US,1658878061
402,broken hill,-31.95,141.4333,8.19,75,3,1.82,AU,1658878061
403,bazarnyye mataki,54.8833,49.9333,17.52,92,78,2.92,RU,1658878062
404,raymondville,26.4815,-97.7831,35.06,43,100,9.5,US,1658878062
405,pangkalanbuun,-2.6833,111.6167,23.04,99,99,0.86,ID,1658878062
406,avera,33.194,-82.5271,32.73,49,92,5.16,US,1658878063
407,sao filipe,14.8961,-24.4956,25.45,83,93,0.67,CV,1658878063
408,upata,8.0086,-62.3989,27.33,90,82,1.11,VE,1658878063
409,airai,-8.9266,125.4092,13.66,66,86,1.85,TL,1658878064
410,leninsk,48.7119,45.1994,20.55,69,29,2.82,RU,1658878064
411,bronnoysund,65.4625,12.1997,12.0,94,100,7.72,NO,1658878064
412,itarema,-2.9248,-39.9167,25.54,74,63,6.08,BR,1658878064
413,zhezkazgan,47.8043,67.7144,22.77,52,0,2.48,KZ,1658878065
414,maltahohe,-24.8333,16.9833,9.32,24,0,3.02,NA,1658878065
415,dublin,37.7021,-121.9358,33.89,44,0,8.23,US,1658878001
416,vermilion,40.1667,-87.7506,23.33,87,100,2.06,US,1658878065
417,mandalgovi,45.7625,106.2708,11.42,78,1,5.91,MN,1658878066
418,evergreen park,41.7206,-87.7017,26.96,64,75,4.12,US,1658877963
419,deputatskiy,69.3,139.9,13.11,58,57,2.44,RU,1658878066
420,las cruces,32.3123,-106.7783,36.32,26,0,4.02,US,1658878066
421,aquiraz,-3.9014,-38.3911,26.21,78,97,4.2,BR,1658877876
422,healdsburg,38.6105,-122.8692,38.9,49,0,6.69,US,1658878067
423,wladyslawowo,54.7909,18.4009,14.45,72,3,6.63,PL,1658878067
424,savonlinna,61.8699,28.88,19.03,82,20,4.63,FI,1658878067
425,madison,34.7334,-86.5667,32.98,64,40,3.6,US,1658878068
426,vao,-22.6667,167.4833,20.14,64,0,4.16,NC,1658878068
427,redencao,-4.2258,-38.7306,22.07,79,100,1.33,BR,1658878023
428,mercedes,-34.6515,-59.4307,20.02,95,88,2.79,AR,1658878069
429,sawakin,19.1059,37.3321,35.06,45,100,3.43,SD,1658878069
430,troitskoye,52.9821,84.6757,13.59,81,0,2.02,RU,1658878069
431,quatre cocos,-20.2078,57.7625,20.06,80,35,4.9,MU,1658878070
432,arrifes,37.7667,-25.7,23.46,100,75,3.6,PT,1658878070
433,qinhuangdao,39.9317,119.5883,24.43,84,17,2.48,CN,1658878070
434,constantine,36.365,6.6147,25.67,38,0,2.06,DZ,1658877780
435,zundert,51.4735,4.6418,15.51,77,84,3.01,NL,1658878071
436,kalanaur,28.8333,76.4,29.24,67,99,3.27,IN,1658878071
437,komsomolskiy,40.4272,71.7189,27.4,36,3,3.09,UZ,1658878071
438,ayan,56.45,138.1667,15.81,77,81,3.57,RU,1658878072
439,kokopo,-4.352,152.2633,27.82,71,83,1.26,PG,1658878072
440,robertsport,6.7533,-11.3686,24.67,82,35,3.97,LR,1658878072
441,tuktoyaktuk,69.4541,-133.0374,17.0,63,75,9.77,CA,1658878073
442,halden,59.1226,11.3871,17.24,73,92,2.71,NO,1658878073
443,nhulunbuy,-12.2333,136.7667,26.34,65,3,7.2,AU,1658878073
444,touros,-5.1989,-35.4608,23.88,83,30,5.24,BR,1658878074
445,bardiyah,31.7561,25.0865,25.54,79,0,7.33,LY,1658878074
446,taman,45.2117,36.7161,22.51,61,36,3.69,RU,1658878074
447,serenje,-13.2325,30.2352,11.93,64,2,4.16,ZM,1658878075
448,keflavik,64.0049,-22.5624,12.24,100,100,6.69,IS,1658878075
449,sehithwa,-20.4667,22.7167,15.15,40,0,3.11,BW,1658877967
450,semey,50.4111,80.2275,17.12,59,0,2.0,KZ,1658878075
451,aksarka,66.5606,67.7975,9.26,88,97,5.39,RU,1658878076
452,keti bandar,24.1447,67.4497,27.32,87,100,3.89,PK,1658877820
453,bima,-8.4667,118.7167,23.04,87,51,1.57,ID,1658878076
454,marsa matruh,31.3525,27.2453,25.11,83,0,4.12,EG,1658878076
455,chapleau,47.8405,-83.4034,22.05,46,75,2.57,CA,1658878077
456,le mars,42.7942,-96.1656,26.73,65,0,2.57,US,1658878077
457,bianzhuang,34.8486,118.0447,23.76,89,2,2.65,CN,1658878077
458,damara,4.9608,18.7035,22.46,92,100,1.77,CF,1658878078
459,marzuq,14.4,46.4667,25.98,49,98,2.68,YE,1658878078
460,grindavik,63.8424,-22.4338,12.26,100,100,6.69,IS,1658878078
461,sept-iles,50.2001,-66.3821,19.0,77,75,3.6,CA,1658878079
462,chapada dos guimaraes,-15.4606,-55.7497,24.81,27,5,2.26,BR,1658878079
463,krasnyy kut,50.95,46.9667,18.61,85,4,0.48,RU,1658878079
464,jalu,29.0331,21.5482,29.01,40,5,7.01,LY,1658878080
465,ivybridge,50.3904,-3.9191,13.84,82,2,3.16,GB,1658878080
466,kholm-zhirkovskiy,55.5189,33.4731,16.27,88,0,0.59,RU,1658878080
467,najran,17.4924,44.1277,27.36,41,95,2.37,SA,1658878081
468,sesheke,-17.4759,24.2968,13.46,47,1,2.45,ZM,1658878081
469,sao joao da barra,-21.6403,-41.0511,21.46,86,18,5.2,BR,1658878081
470,nuuk,64.1835,-51.7216,6.34,87,100,3.6,GL,1658878081
471,cidreira,-30.1811,-50.2056,16.47,93,41,6.5,BR,1658877895
472,vanavara,60.34,102.2797,13.89,98,100,3.77,RU,1658878082
473,repnoye,51.5921,43.1861,17.85,89,6,1.05,RU,1658878082
474,awjilah,29.1081,21.2869,28.62,42,4,7.75,LY,1658878083
475,baykit,61.67,96.37,16.4,97,99,1.45,RU,1658878083
476,tomatlan,19.9333,-105.25,31.17,61,89,2.75,MX,1658878083
477,hofn,64.2539,-15.2082,10.28,88,100,0.27,IS,1658878083
478,el sauzal,31.9,-116.6833,23.56,72,69,4.12,MX,1658878084
479,mahibadhoo,3.7833,72.9667,27.69,77,80,8.14,MV,1658878084
480,mazamari,-11.3258,-74.5308,21.62,96,73,0.45,PE,1658877791
481,kropotkin,45.4375,40.5756,17.53,90,80,2.42,RU,1658878085
482,vestmannaeyjar,63.4427,-20.2734,11.82,98,100,7.04,IS,1658878085
483,laguna,38.421,-121.4238,37.64,31,0,5.14,US,1658878085
484,cap malheureux,-19.9842,57.6142,20.26,79,7,1.34,MU,1658878086
485,boyolangu,-8.1181,111.8935,21.7,92,44,0.78,ID,1658878086
486,bud,39.447,-86.1758,24.82,88,99,1.2,US,1658878086
487,faya,18.3851,42.4509,18.29,66,100,1.83,SA,1658878086
488,potosi,-19.5836,-65.7531,9.73,40,30,2.54,BO,1658878087
489,lucapa,-8.4192,20.7447,19.0,32,58,1.91,AO,1658878087
490,roald,62.5833,6.1333,12.31,93,100,1.54,NO,1658878087
491,nizhniy tsasuchey,50.5167,115.1333,15.64,94,99,4.11,RU,1658878088
492,hualmay,-11.0964,-77.6139,17.27,80,76,5.75,PE,1658878088
493,ciudad bolivar,8.1222,-63.5497,28.56,58,65,1.8,VE,1658878089
494,san quintin,30.4833,-115.95,22.68,67,14,5.62,MX,1658878089
495,saint-georges,12.0564,-61.7485,26.82,89,40,5.14,GD,1658878090
496,abancay,-13.6339,-72.8814,16.6,66,85,2.63,PE,1658878090
497,betanzos,43.2804,-8.2147,18.51,82,0,2.06,ES,1658878090
498,san pedro de macoris,18.4616,-69.2972,29.34,69,14,6.59,DO,1658878091
499,axim,4.8699,-2.2405,24.49,85,99,4.8,GH,1658878091
500,riohacha,11.5444,-72.9072,29.06,74,40,9.77,CO,1658878091
501,cairns,-16.9167,145.7667,23.95,73,40,5.66,AU,1658877915
502,alofi,-19.0595,-169.9187,25.94,61,75,7.2,NU,1658878092
503,lokosovo,61.1333,74.8167,13.04,92,10,3.23,RU,1658878092
504,montepuez,-13.1256,38.9997,17.11,83,13,3.95,MZ,1658878092
505,venado tuerto,-33.7456,-61.9688,17.65,82,57,2.81,AR,1658878093
506,samarai,-10.6167,150.6667,26.38,84,49,4.43,PG,1658878093
507,tahe,52.3333,124.7333,22.92,75,90,1.53,CN,1658878093
508,rusape,-18.5278,32.1284,9.19,88,33,0.92,ZW,1658878094
509,souillac,-20.5167,57.5167,20.21,88,75,6.69,MU,1658878094
510,yashkino,55.8736,85.4265,13.94,93,98,1.83,RU,1658878094
511,nevers,46.9167,3.3333,15.33,70,89,1.19,FR,1658878095
512,arrecife,28.963,-13.5477,24.99,69,0,11.32,ES,1658878095
513,zuya,45.0531,34.3154,17.56,67,4,2.5,UA,1658878095
514,asau,46.4333,26.4,19.97,86,0,1.42,RO,1658878096
515,nalut,30.3333,10.85,28.35,13,0,4.77,LY,1658878096
516,caravelas,-17.7125,-39.2481,21.32,80,2,2.69,BR,1658878096
517,puerto narino,-3.7703,-70.3831,23.31,96,38,0.52,CO,1658878097
518,sandakan,5.8402,118.1179,25.82,89,20,1.03,MY,1658878097
519,karaton,-6.3424,106.1045,22.02,95,96,0.7,ID,1658878097
520,wonthaggi,-38.6044,145.5913,11.01,90,94,3.55,AU,1658878097
521,cortez,37.3489,-108.5859,26.69,60,75,2.06,US,1658878098
522,pochutla,15.7432,-96.4661,28.79,77,95,0.84,MX,1658878098
523,fengcheng,40.4536,124.0717,24.49,90,52,1.14,CN,1658878098
524,manono,-7.3,27.4167,23.36,39,62,1.44,CD,1658878099
525,saint-etienne,45.4333,4.4,16.62,59,0,1.54,FR,1658878099
526,tazovskiy,67.4667,78.7,9.57,77,96,2.64,RU,1658878099
527,jardim,-21.4803,-56.1381,25.15,32,0,1.8,BR,1658878100
528,pisco,-13.7,-76.2167,17.03,82,20,3.6,PE,1658877884
529,fairlie,55.756,-4.8556,10.68,85,32,4.02,GB,1658878100
530,naze,28.3667,129.4833,27.51,74,10,2.67,JP,1658878100
531,rayong,12.8333,101.4333,28.77,99,100,0.48,TH,1658878101
532,pangody,65.85,74.4859,8.33,91,2,2.99,RU,1658878101
533,bakel,14.905,-12.4568,30.0,67,47,3.9,SN,1658878101
534,anjozorobe,-18.4,47.8667,12.57,85,83,1.71,MG,1658878102
535,eyl,7.9803,49.8164,24.68,74,4,10.57,SO,1658878102
536,kutum,14.2,24.6667,27.64,42,95,2.63,SD,1658877911
537,narsaq,60.9167,-46.05,13.12,89,35,1.49,GL,1658877817
538,paracatu,-17.2222,-46.8747,19.74,40,0,1.0,BR,1658878102
539,kuytun,54.3419,101.5036,12.47,81,54,2.05,RU,1658878103
540,hoi an,15.8794,108.335,25.98,80,72,2.19,VN,1658877905
541,roma,43.2128,-75.4557,23.86,59,0,3.58,US,1658878103
542,lasa,46.6166,10.7002,19.49,90,80,0.47,IT,1658878103
543,svetlogorsk,52.6333,29.7333,16.31,84,69,2.39,BY,1658878104
544,maksatikha,57.797,35.8825,18.58,79,66,0.48,RU,1658878104
545,yeniseysk,58.4497,92.1703,14.02,83,100,2.34,RU,1658878104
546,altay,47.8667,88.1167,15.43,46,0,1.92,CN,1658878105
547,yatou,37.15,122.3833,24.27,91,100,3.66,CN,1658878105
548,ballina,-28.8667,153.5667,13.77,52,0,5.8,AU,1658878105
549,yabelo,4.8833,38.0833,15.07,59,77,5.25,ET,1658878106
550,bundu,23.1833,85.5833,26.12,92,60,1.36,IN,1658878106
551,kantabanji,20.4833,82.9167,25.12,89,100,1.84,IN,1658878106
552,mayumba,-3.432,10.6554,20.41,92,15,1.15,GA,1658878107
553,arvika,59.6553,12.5852,13.34,92,96,2.25,SE,1658878107
554,kamaishi,39.2667,141.8833,25.36,85,94,1.54,JP,1658878107
555,tual,-5.6667,132.75,26.2,80,34,10.75,ID,1658878108
556,calvinia,-31.4707,19.776,8.4,94,2,1.78,ZA,1658878108
557,seminole,28.7086,-81.2081,27.2,83,20,1.54,US,1658878108
558,shinshiro,34.9,137.5,26.32,87,100,2.01,JP,1658878108
559,chicama,-7.8447,-79.1469,15.3,78,99,3.89,PE,1658878109
560,marienburg,54.0359,19.0266,15.49,84,38,2.96,PL,1658878109
561,kapit,2.0167,112.9333,22.98,100,100,0.26,MY,1658878109
562,puerto ayacucho,5.6639,-67.6236,24.69,86,97,0.58,VE,1658878110
563,aloleng,16.1307,119.7824,27.75,78,98,2.82,PH,1658878110
564,darhan,49.4867,105.9228,14.49,74,100,1.18,MN,1658878110
565,sabzevar,36.2126,57.6819,26.6,34,24,8.23,IR,1658878111
566,neijiang,29.5835,105.0622,26.73,90,90,1.62,CN,1658878111
567,halifax,44.6453,-63.5724,23.94,63,75,1.54,CA,1658877950
568,channel-port aux basques,47.5702,-59.1367,16.83,84,7,0.88,CA,1658878112
569,iracoubo,5.4802,-53.2011,26.08,83,30,2.58,GF,1658878112
570,berbera,10.4396,45.0143,32.46,34,78,8.16,SO,1658878112
571,hanzhong,33.0728,107.0303,23.64,94,91,0.63,CN,1658878113
572,khartoum,15.5518,32.5324,30.01,64,97,2.24,SD,1658877871
573,guanica,17.9716,-66.908,30.03,82,44,5.0,PR,1658878113
574,veraval,20.9,70.3667,26.97,82,91,3.89,IN,1658878113
575,montecorvino rovella,40.6918,14.978,25.81,88,0,1.33,IT,1658878114
576,fort nelson,58.8053,-122.7002,30.77,35,75,0.0,CA,1658878114
